sample,batch,cheap_score,slow_measure_kJ,coin_flip
b0s0,batch0,4.254,3.238,0.072
b0s1,batch0,6.773,5.359,0.366
b0s2,batch0,0.249,0.58,0.434
b0s3,batch0,0.683,0.699,0.091
b0s4,batch0,4.532,4.245,0.223
b0s5,batch0,5.728,6.274,0.948
b0s6,batch0,3.157,5.771,0.047
b0s7,batch0,10.569,8.585,0.29
b0s8,batch0,2.204,1.443,0.816
b0s9,batch0,2.502,1.807,0.582
b1s0,batch1,5.338,6.389,0.063
b1s1,batch1,1.682,0.596,0.206
b1s2,batch1,5.868,6.804,0.586
b1s3,batch1,4.99,4.532,0.3
b1s4,batch1,7.661,7.944,0.574
b1s5,batch1,4.4,5.252,0.875
b1s6,batch1,6.501,7.294,0.118
b1s7,batch1,7.447,4.181,0.757
b1s8,batch1,1.181,1.52,0.668
b1s9,batch1,7.669,7.646,0.573
b2s0,batch2,8.033,8.755,0.594
b2s1,batch2,7.503,5.799,0.456
b2s2,batch2,9.679,8.4,0.664
b2s3,batch2,0.143,0.607,0.701
b2s4,batch2,8.698,6.471,0.285
b2s5,batch2,3.761,3.858,0.669
b2s6,batch2,-0.481,0.226,0.117
b2s7,batch2,0.763,0.59,0.768
b2s8,batch2,1.311,1.293,0.871
b2s9,batch2,2.001,0.806,0.449
b3s0,batch3,7.144,5.494,0.864
b3s1,batch3,1.299,2.784,0.415
b3s2,batch3,5.842,3.588,0.151
b3s3,batch3,-0.245,1.762,0.232
b3s4,batch3,0.74,2.333,0.263
b3s5,batch3,0.192,0.041,0.419
b3s6,batch3,0.978,3.693,0.69
b3s7,batch3,3.953,5.155,0.618
b3s8,batch3,9.188,6.762,0.78
b3s9,batch3,9.601,8.745,0.798
b4s0,batch4,3.472,3.924,0.634
b4s1,batch4,0.955,0.622,0.067
b4s2,batch4,2.66,2.088,0.053
b4s3,batch4,0.934,0.002,0.151
b4s4,batch4,0.836,1.015,0.874
b4s5,batch4,6.347,6.141,0.149
b4s6,batch4,1.867,2.523,0.123
b4s7,batch4,9.424,8.489,0.993
b4s8,batch4,4.154,4.66,0.102
b4s9,batch4,3.478,3.426,0.265
b5s0,batch5,8.426,8.289,0.951
b5s1,batch5,5.503,5.283,0.147
b5s2,batch5,6.881,5.432,0.979
b5s3,batch5,8.882,8.633,0.696
b5s4,batch5,2.126,2.611,0.772
b5s5,batch5,5.865,5.326,0.779
b5s6,batch5,3.666,3.297,0.985
b5s7,batch5,10.687,8.526,0.806
b5s8,batch5,8.129,8.183,0.518
b5s9,batch5,2.697,3.556,0.029
b6s0,batch6,0.109,0.279,0.693
b6s1,batch6,10.479,9.565,0.447
b6s2,batch6,12.35,9.37,0.365
b6s3,batch6,1.98,2.205,0.227
b6s4,batch6,2.442,1.967,0.9
b6s5,batch6,10.014,8.404,0.479
b6s6,batch6,6.685,6.53,0.661
b6s7,batch6,8.617,9.098,0.782
b6s8,batch6,6.756,7.501,0.789
b6s9,batch6,3.429,3.325,0.801
b7s0,batch7,8.752,9.717,0.947
b7s1,batch7,7.988,7.248,0.17
b7s2,batch7,2.785,1.27,0.807
b7s3,batch7,3.578,1.462,0.827
b7s4,batch7,9.19,9.803,0.549
b7s5,batch7,0.379,1.31,0.014
b7s6,batch7,8.844,9.709,0.934
b7s7,batch7,3.153,4.338,0.872
b7s8,batch7,8.483,8.262,0.293
b7s9,batch7,3.292,2.405,0.586
b8s0,batch8,2.038,2.594,0.91
b8s1,batch8,3.848,3.538,0.458
b8s2,batch8,6.867,5.833,0.918
b8s3,batch8,4.307,5.016,0.532
b8s4,batch8,6.519,5.235,0.183
b8s5,batch8,0.191,0.039,0.799
b8s6,batch8,-0.179,1.723,0.556
b8s7,batch8,3.58,3.26,0.518
b8s8,batch8,5.676,5.554,0.56
b8s9,batch8,1.93,2.485,0.277
b9s0,batch9,6.183,7.723,0.76
b9s1,batch9,9.05,9.125,0.443
b9s2,batch9,4.688,6.125,0.693
b9s3,batch9,4.473,4.523,0.533
b9s4,batch9,6.516,4.78,0.877
b9s5,batch9,8.753,9.422,0.26
b9s6,batch9,7.748,5.595,0.137
b9s7,batch9,0.415,1.216,0.442
b9s8,batch9,0.753,0.725,0.669
b9s9,batch9,8.306,7.839,0.897
